4e6780b5-8623-427a-886e-c056d0a592a6,,2023-07-30 20:39:35.489529,2023-07-30 20:39:35.489529,partner,ANSCenter,http://localhost:3000/files/1690724373975-anscenter.webp,
17d1a9a3-53a4-4112-81b2-b3e3b0ed6b29,,2023-07-30 20:40:29.804468,2023-07-30 20:40:29.804468,partner,AEON,http://localhost:3000/files/1690724428553-aeon.webp,
4d59de0e-4202-4e31-90ab-280daea923a9,,2023-07-30 20:41:25.251325,2023-07-30 20:41:25.251325,partner,Vitalify Asia,http://localhost:3000/files/1690724483354-vitalify-asia.webp,
d470cf67-b2ff-49d9-932b-390bc27a0de7,,2023-07-30 20:45:11.418079,2023-07-30 20:45:11.418079,partner,Cross Tech,http://localhost:3000/files/1690724709075-cross-tech.webp,
30ab4a7c-7dfb-4bc0-a52b-ce29226aaab4,,2023-07-30 20:47:05.841117,2023-07-30 20:47:05.841117,partner,doxa,http://localhost:3000/files/1690724824510-doxa.webp,
461282d0-0159-4361-baaf-495c5ef92443,,2023-07-30 20:48:00.323121,2023-07-30 20:48:00.323121,partner,GMT Group,http://localhost:3000/files/1690724877490-gmt-group.webp,
94ea5015-8df4-4db7-984e-f8ddc679941e,,2023-07-30 20:49:07.063457,2023-07-30 20:49:07.063457,partner,gumi Vietnam,http://localhost:3000/files/1690724945590-gumi-vietnam.webp,
6f71139e-d3e6-4c48-bb49-d26e4dca6aa4,,2023-07-30 20:50:05.576543,2023-07-30 20:50:05.576543,partner,ISB Vietnam - IVC,http://localhost:3000/files/1690725002744-isb-vietnam-ivc.webp,
ebbe4bab-ac6b-48a8-8f88-9274f4b8633d,,2023-07-30 20:50:54.142909,2023-07-30 20:50:54.142909,partner,OneTech Asia,http://localhost:3000/files/1690725052446-one-tech-asia.webp,
fb26f297-f425-471c-85f8-941957ad2574,,2023-07-30 20:52:46.153185,2023-07-30 20:52:46.153185,partner,Shariot - Singapore's Premier Car Sharing Platform,http://localhost:3000/files/1690725164849-shariot-singapores-premier-car-sharing-platform.webp,
dedd8362-1376-4b1b-88cc-dd82d3a8c6fc,,2023-07-30 20:54:26.432821,2023-07-30 20:54:26.432821,partner,Shiseido Cosmetics,http://localhost:3000/files/1690725264281-shiseido-cosmetics.webp,
953deca1-256f-4566-b887-6825bed0c411,,2023-07-30 20:56:05.028459,2023-07-30 20:56:05.028459,partner,SoftBank,http://localhost:3000/files/1690725362349-soft-bank.webp,
9458cacd-83b3-4b93-9f33-f49ac0f842bc,,2023-07-30 20:56:52.688133,2023-07-30 20:56:52.688133,partner,Thermomix,http://localhost:3000/files/1690725410977-thermomix.webp,
e25bc93c-9b16-4242-a314-d7d039dbbe9c,,2023-07-30 20:58:39.086140,2023-07-30 20:58:39.086140,partner,Uhouse - Stay with U,http://localhost:3000/files/1690725517172-uhouse-stay-with-u.webp,
6462b8ce-09b7-4bdd-b30c-88ae18cba76e,,2023-07-30 21:10:20.086211,2023-07-30 21:23:16.616523,member,,http://localhost:3000/files/1690726982010-ung-tien-dung.webp,1
b7d31907-6557-439b-900d-94122a5569f3,,2023-07-30 21:20:03.551170,2023-07-30 21:28:16.821503,member,,http://localhost:3000/files/1690727294794-hoang-thanh-tung.webp,5
e811024f-7d7a-4364-8f43-5fefa4e9438e,,2023-07-30 21:22:45.908466,2023-07-30 21:31:24.073781,member,,http://localhost:3000/files/1690727480658-nguyen-khac-sinh-nhat.webp,7
dc45589e-1dae-4ef8-9f31-5f9f0f27f50d,,2023-07-30 21:35:38.168591,2023-07-30 21:35:38.168591,member,,http://localhost:3000/files/1690727731818-dinh-lan.webp,8
88b323bc-8660-472e-9cf7-6630133d39dc,,2023-07-30 21:37:50.627466,2023-07-30 21:37:50.627466,member,,http://localhost:3000/files/1690727800868-tran-nhan-vu.webp,9
0ab1c6f7-d084-42aa-b3e3-5b6f09ab38cd,,2023-07-30 21:40:51.183444,2023-07-30 21:40:51.183444,member,,http://localhost:3000/files/1690728044440-le-quang-thach.webp,10
d37ed43d-ec91-4356-bf3e-06b793327b00,,2023-07-30 21:43:26.020244,2023-07-30 21:43:26.020244,member,,http://localhost:3000/files/1690728154306-tong-quoc-sang.webp,11
b448527a-9ae3-4234-8b25-a2d8e4660264,,2023-07-30 21:45:15.174889,2023-07-30 21:45:15.174889,member,,http://localhost:3000/files/1690728303585-le-tat-thien.webp,12
fe23535a-8a62-49bb-9db7-b0c9bf05ed6a,,2023-07-30 21:13:19.657441,2023-07-30 21:53:54.338590,member,,http://localhost:3000/files/1690728822555-truong-thi-ny-ut-ny.webp,2
0f95646c-d15e-4a48-9cbe-30f0e9990adb,,2023-07-30 21:15:16.285532,2023-07-30 21:54:07.126790,member,,http://localhost:3000/files/1690728842502-phung-duc-chinh.webp,3
d8e531d4-f527-4565-9276-c90d94997392,,2023-07-30 21:16:44.436601,2023-07-30 21:54:18.917665,member,,http://localhost:3000/files/1690728857199-nguyen-ba-trung.webp,4
8c73ab1a-083e-41c2-bb7d-5cf5a90ee004,,2023-07-30 21:21:31.165988,2023-07-30 21:54:31.813653,member,,http://localhost:3000/files/1690728870489-le-viet-quynh.webp,6
1c999037-59f6-4192-b494-fbdc72b5991f,,2023-07-30 21:57:42.426886,2023-07-30 21:57:42.426886,value,,http://localhost:3000/files/1690729059098-our-philosophy.webp,1
78a2a2a3-20cb-4379-bdb9-e3daf3f2d2c4,,2023-07-30 21:58:31.893720,2023-07-30 21:58:31.893720,value,,http://localhost:3000/files/1690729075730-our-core-values.webp,2
6470e409-38bb-4cd5-a2b1-3bd1cd1c3568,,2023-07-30 21:58:53.228986,2023-07-30 21:58:53.228986,value,,http://localhost:3000/files/1690729121043-our-team.webp,3
42324602-a128-4743-856c-c4e3aa504746,,2023-07-30 21:59:18.435924,2023-07-30 21:59:18.435924,value,,http://localhost:3000/files/1690729150812-our-commitments.webp,4
a4da93f4-a973-4772-9374-295cdba1ed9e,,2023-07-30 22:03:27.549960,2023-07-30 22:03:27.549960,services,,http://localhost:3000/files/1690729387279-digital-transformation.webp,1
34a0d9e8-9f07-42ca-81dd-2cb0f0aed2f5,,2023-07-30 22:05:16.080146,2023-07-30 22:05:16.080146,services,,http://localhost:3000/files/1690729498822-r-d-services.webp,2
77d1a79c-9a67-4568-aa5e-826826824fca,,2023-07-30 22:05:44.512805,2023-07-30 22:05:44.512805,services,,http://localhost:3000/files/1690729529312-outsourcing-services.webp,3
b384b5b0-7f92-4c71-b5b3-8feaf2101e47,,2023-07-30 22:06:23.684439,2023-07-30 22:06:23.684439,services,,http://localhost:3000/files/1690729562024-product-development.webp,4
a5753a53-bd4a-4c38-bf51-a54c9002c13c,,2023-07-30 22:10:34.947119,2023-07-30 22:11:11.507177,mission,,http://localhost:3000/files/1690729868304-for-the-social.webp,1
86e26918-e970-45c4-8aae-e0df35954e1e,,2023-07-30 22:12:03.687141,2023-07-30 22:12:03.687141,mission,,http://localhost:3000/files/1690729911632-for-the-market.webp,2
1fdd6aa5-0ff5-4bc0-9e3e-20059eb0952b,,2023-07-30 22:12:24.923807,2023-07-30 22:12:24.923807,mission,,http://localhost:3000/files/1690729935181-for-shareholders-and-partners.webp,3
cabf2f0c-2aee-493e-991a-1dd81d860e60,,2023-07-30 22:12:42.513361,2023-07-30 22:12:42.513361,mission,,http://localhost:3000/files/1690729952712-for-employees.webp,4
