4e6780b5-8623-427a-886e-c056d0a592a6,,2023-07-30 20:39:35.489529,2023-07-30 20:39:35.489529,partner,ANSCenter,http://localhost:3000/files/1690724373975-anscenter.webp,
17d1a9a3-53a4-4112-81b2-b3e3b0ed6b29,,2023-07-30 20:40:29.804468,2023-07-30 20:40:29.804468,partner,AEON,http://localhost:3000/files/1690724428553-aeon.webp,
4d59de0e-4202-4e31-90ab-280daea923a9,,2023-07-30 20:41:25.251325,2023-07-30 20:41:25.251325,partner,Vitalify Asia,http://localhost:3000/files/1690724483354-vitalify-asia.webp,
d470cf67-b2ff-49d9-932b-390bc27a0de7,,2023-07-30 20:45:11.418079,2023-07-30 20:45:11.418079,partner,Cross Tech,http://localhost:3000/files/1690724709075-cross-tech.webp,
30ab4a7c-7dfb-4bc0-a52b-ce29226aaab4,,2023-07-30 20:47:05.841117,2023-07-30 20:47:05.841117,partner,doxa,http://localhost:3000/files/1690724824510-doxa.webp,
461282d0-0159-4361-baaf-495c5ef92443,,2023-07-30 20:48:00.323121,2023-07-30 20:48:00.323121,partner,GMT Group,http://localhost:3000/files/1690724877490-gmt-group.webp,
94ea5015-8df4-4db7-984e-f8ddc679941e,,2023-07-30 20:49:07.063457,2023-07-30 20:49:07.063457,partner,gumi Vietnam,http://localhost:3000/files/1690724945590-gumi-vietnam.webp,
6f71139e-d3e6-4c48-bb49-d26e4dca6aa4,,2023-07-30 20:50:05.576543,2023-07-30 20:50:05.576543,partner,ISB Vietnam - IVC,http://localhost:3000/files/1690725002744-isb-vietnam-ivc.webp,
ebbe4bab-ac6b-48a8-8f88-9274f4b8633d,,2023-07-30 20:50:54.142909,2023-07-30 20:50:54.142909,partner,OneTech Asia,http://localhost:3000/files/1690725052446-one-tech-asia.webp,
fb26f297-f425-471c-85f8-941957ad2574,,2023-07-30 20:52:46.153185,2023-07-30 20:52:46.153185,partner,Shariot - Singapore's Premier Car Sharing Platform,http://localhost:3000/files/1690725164849-shariot-singapores-premier-car-sharing-platform.webp,
dedd8362-1376-4b1b-88cc-dd82d3a8c6fc,,2023-07-30 20:54:26.432821,2023-07-30 20:54:26.432821,partner,Shiseido Cosmetics,http://localhost:3000/files/1690725264281-shiseido-cosmetics.webp,
953deca1-256f-4566-b887-6825bed0c411,,2023-07-30 20:56:05.028459,2023-07-30 20:56:05.028459,partner,SoftBank,http://localhost:3000/files/1690725362349-soft-bank.webp,
9458cacd-83b3-4b93-9f33-f49ac0f842bc,,2023-07-30 20:56:52.688133,2023-07-30 20:56:52.688133,partner,Thermomix,http://localhost:3000/files/1690725410977-thermomix.webp,
e25bc93c-9b16-4242-a314-d7d039dbbe9c,,2023-07-30 20:58:39.086140,2023-07-30 20:58:39.086140,partner,Uhouse - Stay with U,http://localhost:3000/files/1690725517172-uhouse-stay-with-u.webp,
d37ed43d-ec91-4356-bf3e-06b793327b00,,2023-07-30 21:43:26.020244,2023-08-03 21:01:45.284082,member,,http://localhost:3000/files/1690728154306-tong-quoc-sang.webp,
6462b8ce-09b7-4bdd-b30c-88ae18cba76e,,2023-07-30 21:10:20.086211,2023-07-30 21:23:16.616523,member,,http://localhost:3000/files/1690726982010-ung-tien-dung.webp,1
b448527a-9ae3-4234-8b25-a2d8e4660264,,2023-07-30 21:45:15.174889,2023-08-03 21:01:51.099572,member,,http://localhost:3000/files/1690728303585-le-tat-thien.webp,
84aa6862-7aa7-4032-a0bf-87b05297cd91,,2023-08-04 05:52:53.623261,2023-08-04 05:52:53.623261,tech,Javascript,http://localhost:3000/files/1691103166290-javascript.webp,
de1cee4c-3770-4adb-bf85-f67ef68ed8f6,,2023-08-04 05:53:13.486619,2023-08-04 05:53:13.486619,tech,Java,http://localhost:3000/files/1691103190290-java.webp,
b7d31907-6557-439b-900d-94122a5569f3,,2023-07-30 21:20:03.551170,2023-07-30 21:28:16.821503,member,,http://localhost:3000/files/1690727294794-hoang-thanh-tung.webp,5
439c31e2-6d36-4084-ad16-fb214b41d883,,2023-08-04 05:54:30.681221,2023-08-04 05:54:30.681221,tech,Python,http://localhost:3000/files/1691103268845-python.webp,
e811024f-7d7a-4364-8f43-5fefa4e9438e,,2023-07-30 21:22:45.908466,2023-07-30 21:31:24.073781,member,,http://localhost:3000/files/1690727480658-nguyen-khac-sinh-nhat.webp,7
fe23535a-8a62-49bb-9db7-b0c9bf05ed6a,,2023-07-30 21:13:19.657441,2023-07-30 21:53:54.338590,member,,http://localhost:3000/files/1690728822555-truong-thi-ny-ut-ny.webp,2
0f95646c-d15e-4a48-9cbe-30f0e9990adb,,2023-07-30 21:15:16.285532,2023-07-30 21:54:07.126790,member,,http://localhost:3000/files/1690728842502-phung-duc-chinh.webp,3
d8e531d4-f527-4565-9276-c90d94997392,,2023-07-30 21:16:44.436601,2023-07-30 21:54:18.917665,member,,http://localhost:3000/files/1690728857199-nguyen-ba-trung.webp,4
8c73ab1a-083e-41c2-bb7d-5cf5a90ee004,,2023-07-30 21:21:31.165988,2023-07-30 21:54:31.813653,member,,http://localhost:3000/files/1690728870489-le-viet-quynh.webp,6
1c999037-59f6-4192-b494-fbdc72b5991f,,2023-07-30 21:57:42.426886,2023-07-30 21:57:42.426886,value,,http://localhost:3000/files/1690729059098-our-philosophy.webp,1
78a2a2a3-20cb-4379-bdb9-e3daf3f2d2c4,,2023-07-30 21:58:31.893720,2023-07-30 21:58:31.893720,value,,http://localhost:3000/files/1690729075730-our-core-values.webp,2
6470e409-38bb-4cd5-a2b1-3bd1cd1c3568,,2023-07-30 21:58:53.228986,2023-07-30 21:58:53.228986,value,,http://localhost:3000/files/1690729121043-our-team.webp,3
42324602-a128-4743-856c-c4e3aa504746,,2023-07-30 21:59:18.435924,2023-07-30 21:59:18.435924,value,,http://localhost:3000/files/1690729150812-our-commitments.webp,4
a4da93f4-a973-4772-9374-295cdba1ed9e,,2023-07-30 22:03:27.549960,2023-07-30 22:03:27.549960,services,,http://localhost:3000/files/1690729387279-digital-transformation.webp,1
34a0d9e8-9f07-42ca-81dd-2cb0f0aed2f5,,2023-07-30 22:05:16.080146,2023-07-30 22:05:16.080146,services,,http://localhost:3000/files/1690729498822-r-d-services.webp,2
77d1a79c-9a67-4568-aa5e-826826824fca,,2023-07-30 22:05:44.512805,2023-07-30 22:05:44.512805,services,,http://localhost:3000/files/1690729529312-outsourcing-services.webp,3
b384b5b0-7f92-4c71-b5b3-8feaf2101e47,,2023-07-30 22:06:23.684439,2023-07-30 22:06:23.684439,services,,http://localhost:3000/files/1690729562024-product-development.webp,4
a5753a53-bd4a-4c38-bf51-a54c9002c13c,,2023-07-30 22:10:34.947119,2023-07-30 22:11:11.507177,mission,,http://localhost:3000/files/1690729868304-for-the-social.webp,1
86e26918-e970-45c4-8aae-e0df35954e1e,,2023-07-30 22:12:03.687141,2023-07-30 22:12:03.687141,mission,,http://localhost:3000/files/1690729911632-for-the-market.webp,2
1fdd6aa5-0ff5-4bc0-9e3e-20059eb0952b,,2023-07-30 22:12:24.923807,2023-07-30 22:12:24.923807,mission,,http://localhost:3000/files/1690729935181-for-shareholders-and-partners.webp,3
cabf2f0c-2aee-493e-991a-1dd81d860e60,,2023-07-30 22:12:42.513361,2023-07-30 22:12:42.513361,mission,,http://localhost:3000/files/1690729952712-for-employees.webp,4
6636775a-9893-40ba-bd5a-108c66a94bc5,,2023-08-04 05:54:53.456222,2023-08-04 05:54:53.456222,tech,React.js,http://localhost:3000/files/1691103291511-reactjs.webp,
dc45589e-1dae-4ef8-9f31-5f9f0f27f50d,,2023-07-30 21:35:38.168591,2023-08-03 21:01:27.681350,member,,http://localhost:3000/files/1690727731818-dinh-lan.webp,
88b323bc-8660-472e-9cf7-6630133d39dc,,2023-07-30 21:37:50.627466,2023-08-03 21:01:35.050641,member,,http://localhost:3000/files/1690727800868-tran-nhan-vu.webp,
0ab1c6f7-d084-42aa-b3e3-5b6f09ab38cd,,2023-07-30 21:40:51.183444,2023-08-03 21:01:40.203120,member,,http://localhost:3000/files/1690728044440-le-quang-thach.webp,
3c66423d-43e0-4d54-a8b8-411f2becbe9a,,2023-08-04 05:55:11.033955,2023-08-04 05:55:11.033955,tech,Angular,http://localhost:3000/files/1691103307317-angular.webp,
caac84ef-dc1a-41c1-8bed-d9d67adf9b9c,,2023-08-04 05:55:24.838620,2023-08-04 05:55:24.838620,tech,HTML,http://localhost:3000/files/1691103323324-html.webp,
c2b1dab0-6876-4ea5-bd9b-eeb220f1f6c9,,2023-08-04 05:56:27.316442,2023-08-04 05:56:27.316442,tech,CSS,http://localhost:3000/files/1691103383722-css.webp,
272af92c-c0df-4252-a558-c6d32010772c,,2023-08-04 05:56:44.430029,2023-08-04 05:56:44.430029,tech,Nest.js,http://localhost:3000/files/1691103402380-nestjs.webp,
d76ef69c-46ee-4f47-9a95-b85cffdf448a,,2023-08-04 05:57:02.526544,2023-08-04 05:57:02.526544,tech,Node.js,http://localhost:3000/files/1691103420808-nodejs.webp,
6d134531-7ce8-4be0-9dc5-d9dd54d7a9db,,2023-08-04 05:57:25.093799,2023-08-04 05:57:25.093799,tech,Spring Boot,http://localhost:3000/files/1691103443623-springboot.webp,
6b356f15-356d-4e14-88e2-101cb3cc4186,,2023-08-04 05:57:41.670472,2023-08-04 05:57:41.670472,tech,iOS,http://localhost:3000/files/1691103460350-ios.webp,
c090e924-b0af-4085-bdda-848913905039,,2023-08-04 05:57:55.170801,2023-08-04 05:57:55.170801,tech,Android,http://localhost:3000/files/1691103473337-android.webp,
34bfe0be-cf9c-4e68-98d1-87a1656940cf,,2023-08-04 05:58:35.388482,2023-08-04 05:58:35.388482,tech,React Native,http://localhost:3000/files/1691103503587-reactnative.webp,
6fa99d91-9053-49f0-8cd3-65f2041f586c,,2023-08-04 05:59:23.924373,2023-08-04 05:59:23.924373,tech,Flutter,http://localhost:3000/files/1691103535711-flutter.webp,
ae4dcf1c-dd09-42bc-b44f-6307070eace4,,2023-08-04 06:00:07.913080,2023-08-04 06:00:07.913080,tech,mongoDB,http://localhost:3000/files/1691103605939-mongodb.webp,
1adde2bf-2825-4843-b60c-265129035abc,,2023-08-04 06:00:29.557544,2023-08-04 06:00:29.557544,tech,Postgres,http://localhost:3000/files/1691103626410-postgres.webp,
c5a0c8af-6f43-46dc-a568-10a31c563ce8,,2023-08-04 06:01:22.777700,2023-08-04 06:01:22.777700,tech,QA/QC Manual,http://localhost:3000/files/1691103681281-qa-qc-manual.webp,
deac7f44-f7e6-4b97-ab00-ef36b7466e43,,2023-08-04 06:01:38.871034,2023-08-04 06:01:38.871034,tech,Automation Testing,http://localhost:3000/files/1691103697875-automation-testing.webp,
b2c91686-8034-4d35-83b5-91c924e0ad04,,2023-08-04 06:02:10.982641,2023-08-04 06:02:10.982641,tech,UX / UI Design,http://localhost:3000/files/1691103727506-ux-ui-design.webp,
0292762c-292c-4e04-a99b-6fe3c2d8e858,,2023-08-04 06:02:29.323795,2023-08-04 06:02:29.323795,tech,Software Architecture,http://localhost:3000/files/1691103747843-software-architecture.webp,
