7a24defa-5b33-40aa-83c4-e69aad0d53b3,,2022-08-12 00:00:00.000000,2023-08-01 20:55:00.754662,news,http://localhost:3000/files/1690897517155-ai-hack-boot-camp-2021.webp
1025909a-c040-47b6-b39b-6fb20629f15d,,2022-12-08 00:00:00.000000,2023-08-01 21:03:40.539107,news,http://localhost:3000/files/1690898487481-signing-a-memorandum-of-strategic-cooperation.webp
78e41d7a-607d-4193-80ec-eb52d67b58a3,,2022-08-01 21:25:50.000000,2023-08-05 21:52:53.808639,news,http://localhost:3000/files/1690813495813-top-10-robotic-2021.webp
9527553f-2529-42e2-a2ea-8827645a99ca,,2022-08-02 00:00:00.000000,2023-08-05 21:53:06.384275,news,http://localhost:3000/files/1690894539154-11-iot-trends-that-will-define-2021.webp
fcc37b65-2e68-41af-be52-c36c74e77eec,,2022-08-03 00:00:00.000000,2023-08-05 21:54:20.174524,news,http://localhost:3000/files/1690895207305-robots-ready-to-grow-in-2021.webp
90c19be0-8b75-474b-b8d2-79c8cfab1307,,2022-08-04 00:00:00.000000,2023-08-05 21:54:32.158804,news,http://localhost:3000/files/1690895577695-how-artificial-intelligence-will-transform-businesses-in-2021.webp
3dfa8e49-e016-49a0-95af-de02336d2c15,,2022-08-05 00:00:00.000000,2023-08-05 21:54:41.190613,news,http://localhost:3000/files/1690896234128-wifi-halow-could-be-the-next-iot-enabler.webp
8ecd2a08-22aa-436e-b0a7-9297ffa18460,,2022-08-06 00:00:00.000000,2023-08-05 21:55:00.169449,news,http://localhost:3000/files/1690896656582-ha-noi-vocational-college-of-high-technology-summarize-mission-developing-the-market-for-innovative-start-ups.webp
8f23010b-2f0a-43e0-9131-0f4cd7f769d5,,2022-12-07 00:00:00.000000,2023-08-05 21:55:47.537126,news,http://localhost:3000/files/1690898220665-meeting-of-the-representatives-of-ukrainian-business-associations-to-ari-technology-joint-stock-company.webp
2756255a-8e6c-44b6-b7bf-f6f2638bfa39,,2022-08-01 00:00:00.000000,2023-08-06 07:52:05.057138,projects,http://localhost:3000/files/1690899450019-vina-e-invoice-system.webp
86f21e78-27b9-4c25-b7c9-3aa288481106,,2022-08-02 00:00:00.000000,2023-08-06 07:52:23.571767,projects,http://localhost:3000/files/1690899620941-iot-project-for-shiseido-factory.webp
775792fd-a835-438d-9ace-8148369c78af,,2022-08-03 00:00:00.000000,2023-08-06 07:52:37.423863,projects,http://localhost:3000/files/1690899775016-iot-project-for-aeon-mall-ha-dong.webp
29087b8f-5838-4243-a3a3-a03c925d1554,,2022-08-04 00:00:00.000000,2023-08-06 07:52:50.982817,projects,http://localhost:3000/files/1690899899292-socio-economic-portal-of-district-5.webp
fdcc34b5-5c85-4f50-ab7e-009f9001338f,,2022-08-05 00:00:00.000000,2023-08-06 07:53:06.307881,projects,http://localhost:3000/files/1690900061501-balance.webp
bd4ddf21-a5db-4f12-9521-742cf6039b57,,2022-08-06 00:00:00.000000,2023-08-06 07:53:23.400525,projects,http://localhost:3000/files/1690900260587-kfive.webp
6ab39907-8b22-46b1-895e-54eb2d2c06b4,,2022-08-07 00:00:00.000000,2023-08-06 07:53:35.123517,projects,http://localhost:3000/files/1690900387440-uhouse.webp
ff527b7c-f751-49b2-91be-c1ed21e94c12,,2022-08-08 00:00:00.000000,2023-08-06 07:53:50.793301,projects,http://localhost:3000/files/1690900573454-reecotech-vnemisoft.webp
38bfe1ff-37a3-4c74-a07c-37b85eb60cd0,,2022-08-09 00:00:00.000000,2023-08-06 07:54:05.147503,projects,http://localhost:3000/files/1690900768845-shariot.webp
275fd645-b73b-4f4b-b41b-0e80bb399ec2,,2022-08-10 00:00:00.000000,2023-08-06 07:54:18.119111,projects,http://localhost:3000/files/1690901085599-doxa-connex.webp
a006566b-8dc4-4164-b2f8-5e92497e07b6,,2022-08-11 00:00:00.000000,2023-08-06 07:54:27.681362,projects,http://localhost:3000/files/1690901416969-thermomix-system.webp
